{
    "loss": 1.1133321523666382,
    "accuracy": 0.6731001138687134
}