{
    "loss": 1.0351347923278809,
    "accuracy": 0.6690791845321655
}